"name_point","latitude","longitude","city","region","is_pause","distance_from_cremlin","tz_from_moscow","link_point"
Видное,"55.545331","37.725878",Видное,Московская,false,24.055527735297918,0,https://5verst.ru/vysota/
Усть-Лабинск,"45.199989","39.693432",Усть-Лабинск,Краснодарский,false,1182.8920029254868,0,https://5verst.ru/kopyttse/
Уралмаш,"56.88833","60.59921",Екатеринбург,Свердловская,false,1420.9652597179816,2,https://5verst.ru/letniyparkuralmash/
Соборная набережная,"59.11858","37.93003",Череповец,Вологодская,false,375.37956779711567,0,https://5verst.ru/sobornayanaberezhnaya/
Ставрополь Комсомольский пруд,"45.048699","41.955334",Ставрополь,Ставропольский,false,1229.327684123029,0,https://5verst.ru/komsomolskiyprud/
Ставрополь парк Победы,"45.023561","41.92284",Ставрополь,Ставропольский,false,1231.48383321051,0,https://5verst.ru/stavropol/
Челябинск Тополиная аллея,"55.163671","61.284483",Челябинск,Челябинская,false,1491.5083668474078,2,https://5verst.ru/topolinayaalleya/
Парк Победы,"55.727015","37.500621",Москва,Москва,false,7.747262476020059,0,https://5verst.ru/parkpobedy/
Кронштадт,"60.0047","29.76013",Санкт-Петербург,Санкт-Петербург,false,663.6675786524792,0,https://5verst.ru/kronshtadt/
ВДНХ,"55.825358","37.606189",Москва,Москва,false,8.166631702149644,0,https://5verst.ru/vdnkh/
Анапа,"44.879134","37.308372",Анапа,Краснодарский,false,1209.6553420405717,0,https://5verst.ru/plyazh40letpobedy/
Битца,"55.636598","37.549783",Москва,Москва,false,13.51979341419892,0,https://5verst.ru/bitsa/
Грязи,"52.49082","39.9659",Грязи,Липецкая,false,394.1449639529861,0,https://5verst.ru/gryazi/
Боева Дача,"51.742172","36.209818",Курск,Курская,false,455.8250069243626,0,https://5verst.ru/boevadacha/
Горно-Алтайск,"51.95206","85.95957",Горно-Алтайск,Алтай,false,3143.4419819238174,4,https://5verst.ru/gornoaltayskgorodskoypark/
Бутово,"55.539281","37.523319",Москва,Москва,false,24.40707202272565,0,https://5verst.ru/butovo/
Пушкин,"59.712553","30.420295",Санкт-Петербург,Санкт-Петербург,false,614.4022048703303,0,https://5verst.ru/pushkin/
Горячий Ключ,"44.635647","39.12145",Горячий Ключ,Краснодарский,false,1241.1068992522987,0,https://5verst.ru/goryachiyklyuchgorodskoypark/
Бузулук парк Пушкина,"52.79295","52.278755",Бузулук,Оренбургская,false,1008.1415761472008,2,https://5verst.ru/buzulukparkpushkina/
Воркута Городской парк,"67.495372","64.036892",Воркута,Коми,false,1890.1265037175008,0,https://5verst.ru/vorkutagorodskoypark/
Гатчина Приоратский,"59.554882","30.127174",Гатчина,Ленинградская,false,615.1551526469061,0,https://5verst.ru/gatchinaprioratsky/
Воронеж Центральный парк,"51.69855","39.218257",Воронеж,Воронежская,false,463.372435549133,0,https://5verst.ru/voronezhcentralpark/
Волжский,"48.78448","44.74583",Волжский,Волгоградская,false,914.3804706828273,0,https://5verst.ru/volzhsky/
Белгород Парк Победы,"50.591635","36.585956",Белгород,Белгородская,false,578.4104598170566,0,https://5verst.ru/belgorodparkpobedy/
Балашиха Заречная,"55.819099","37.963215",Балашиха,Московская,false,23.045392407413747,0,https://5verst.ru/balashikhazarechnaya/
Парк Бондина,"57.905227","59.957924",Нижний Тагил,Свердловская,false,1378.3174604108458,2,https://5verst.ru/parkbondina/
Парк Горького,"55.709586064506","37.559408569159",Москва,Москва,false,5.913802959489066,0,https://5verst.ru/gorkypark/
Парк Прибрежный,"55.76039","52.39469",Набережные Челны,Татарстан,false,926.1423866860508,0,https://5verst.ru/pribrezhny/
Парк Маяковского,"56.8131","60.6401",Екатеринбург,Свердловская,false,1424.1476069380276,2,https://5verst.ru/parkmayakovskogo/
Клин Сестрорецкий парк,"56.325062","36.736565",Клин,Московская,false,84.08434369698496,0,https://5verst.ru/sestroretsky/
Истра,"55.91895","36.856145",Истра,Московская,false,51.0786697905787,0,https://5verst.ru/istra/
Кимры,"56.853379","37.365918",Кимры,Тверская,false,123.58343897113535,0,https://5verst.ru/kimry/
Пенза,"53.183807","44.9806713",Пенза,Пензенская,false,556.1541719061453,0,https://5verst.ru/olimpiyskayaalleya/
Химки,"55.894","37.4585",Химки,Московская,false,18.606740712693718,0,https://5verst.ru/khimki/
Томск Стадион Политехник,"56.447952","84.976678",Томск,Томская,false,2889.5613921687277,4,https://5verst.ru/tomskstadionpolytechnic/
Пермь Балатово,"57.99413","56.166914",Пермь,Пермский,false,1154.4987069371446,2,https://5verst.ru/permbalatovo/
Томск Сосновый Бор,"56.539582","84.972909",Томск,Томская,false,2886.1047361208575,4,https://5verst.ru/tomsksosnovybor/
Лобня Городской парк,"56.012432","37.474087",Лобня,Московская,false,30.297401881761896,0,https://5verst.ru/lobnyagorodskoypark/
Киров Набережная Грина,"58.612239","49.686188",Киров,Кировская,false,794.9809454902002,0,https://5verst.ru/naberezhnayagrina/
Сквер Дзержинского,"54.987941","73.373821",Омск,Омская,false,2243.5550884796744,3,https://5verst.ru/skverdzerzhinskogo/
Губаха,"58.832093","57.561875",Губаха,Пермский,false,1245.3198941252278,2,https://5verst.ru/gubakha/
Дружба,"55.853634","37.485916",Москва,Москва,false,13.916885802590027,0,https://5verst.ru/druzhba/
Митино,"55.839559","37.367644",Москва,Москва,false,18.34311520307423,0,https://5verst.ru/mitino/
Сириус,"43.399645","39.950274",Сочи,Краснодарский,false,1383.9849120456695,0,https://5verst.ru/sirius/
Тамбов,"52.712605","41.483831",Тамбов,Тамбовская,false,421.87912388373104,0,https://5verst.ru/tambov/
Нижний пруд,"54.711946","20.513199",Калининград,Калининградская,false,1091.4486743828197,-1,https://5verst.ru/nizhnyprud/
Липецк Парк Победы,"52.593292","39.521956",Липецк,Липецкая,false,372.9638157921766,0,https://5verst.ru/lipetskparkpobedy/
Самара парк Гагарина,"53.22889","50.196656",Самара,Самарская,false,860.8530282948384,1,https://5verst.ru/samaraparkgagarina/
Тёплый Берег,"51.660915","35.669969",Курчатов,Курская,false,473.0865682187995,0,https://5verst.ru/teplybereg/
Елагин остров,"59.97926","30.24624",Санкт-Петербург,Санкт-Петербург,false,641.8922062529558,0,https://5verst.ru/elaginostrov/
Элиста Дружба,"46.306592","44.254279",Элиста,Калмыкия,false,1148.1283075116562,0,https://5verst.ru/elistadruzhba/
Якутск Дохсун,"62.035638","129.714129",Якутск,Саха (Якутия),false,4899.805764245301,6,https://5verst.ru/yakutskdokhsun/
Майкоп Городской парк,"44.599513","40.10295",Майкоп,Адыгея,false,1252.9804862339088,0,https://5verst.ru/maykopgorodskoypark/
Казань центральный парк,"55.79544","49.15252",Казань,Татарстан,false,723.1975764556631,0,https://5verst.ru/kazancentral/
Курган Центральный парк,"55.43238","65.326544",Курган,Курганская,false,1735.8140193106328,2,https://5verst.ru/kurgancentralpark/
Мытищи Центральный парк,"55.910941","37.742125",Мытищи,Московская,false,19.370923963914887,0,https://5verst.ru/mytishchicentralpark/
Ростов-на-Дону,"47.212639","39.707676",Ростов-на-Дону,Ростовская,false,961.019614744308,0,https://5verst.ru/rostovondon/
Йошкар-Ола Аллея Здоровья,"56.626696792139","47.908037439945",Йошкар-Ола,Марий Эл,false,645.7705703515373,0,https://5verst.ru/yoshkarolaalleyazdorovya/
Колпино,"59.7379","30.595847",Санкт-Петербург,Санкт-Петербург,false,609.137944989063,0,https://5verst.ru/kolpino/
Королёв,"55.909138","37.838838",Королёв,Московская,false,22.38334787007174,0,https://5verst.ru/korolev/
Муромец,"55.575124","42.024633",Муром,Владимирская,false,278.1281581829532,0,https://5verst.ru/muromets/
Обнинск,"55.106995","36.609165",Обнинск,Калужская,false,96.01622862773806,0,https://5verst.ru/obninsk/
Стрелка,"57.620778","39.903974",Ярославль,Ярославская,true,250.88934941352557,0,https://5verst.ru/strelka/
Филатов Луг,"55.596522","37.372832",Москва,Москва,false,23.102240953983568,0,https://5verst.ru/filatovlug/
Коломна Парк Мира,"55.08547","38.786864",Коломна,Московская,false,104.93122431322246,0,https://5verst.ru/parkmira/
Красный Сулин,"47.897236","40.067743",Красный Сулин,Ростовская,false,890.02479521278,0,https://5verst.ru/krasnyisulin/
Иркутск остров Юность,"52.272732","104.27529",Иркутск,Иркутская,false,4216.2677554363445,5,https://5verst.ru/ostrovyunost/
Ногинск Городской парк,"55.848946","38.428845",Ногинск,Московская,false,52.126315422003294,0,https://5verst.ru/noginskgorodskoypark/
Пушкино Серебрянка,"56.010169","37.858141",Пушкино,Московская,false,32.48643824468427,0,https://5verst.ru/serebryanka/
Люберцы Наташинский,"55.676218","37.896686",Люберцы,Московская,false,19.587858664589227,0,https://5verst.ru/natashinsky/
Люберцы Томилинский,"55.60461","37.96459",Люберцы,Московская,false,27.4231398691054,0,https://5verst.ru/tomilinsky/
Кашкадан,"54.773309","56.058649",Уфа,Башкортостан,false,1174.0598888287138,2,https://5verst.ru/kashkadan/
Плотинка,"56.840869","60.600496",Екатеринбург,Свердловская,false,1421.4757964452765,2,https://5verst.ru/plotinka/
Сосновка,"60.018449","30.340115",Санкт-Петербург,Санкт-Петербург,false,641.1899679846355,0,https://5verst.ru/sosnovka/
Тобольск,"58.205767","68.280133",Тобольск,Тюменская,false,1867.8009063780946,2,https://5verst.ru/tobolsk/
Тольятти Парк Победы,"53.5104991","49.2748616",Тольятти,Самарская,false,792.0845764125223,1,https://5verst.ru/tolyattiparkpobedy/
Скитские пруды,"56.30184","38.16445",Сергиев Посад,Московская,false,70.11546312072778,0,https://5verst.ru/skitskieprudy/
Северное Тушино,"55.853639","37.453495",Москва,Москва,false,15.195206089422472,0,https://5verst.ru/severnoetushino/
Серпухов Городской бор,"54.902126","37.376264",Серпухов,Московская,false,95.84966534472024,0,https://5verst.ru/serpukhovgorodskoybor/
Оренбург Набережная,"51.753854","55.106746",Оренбург,Оренбургская,true,1232.4564330250068,2,https://5verst.ru/orenburgnaberezhnaya/
Владимир Центральный парк,"56.1424","40.41543",Владимир,Владимирская,false,180.22705691374827,0,https://5verst.ru/vladimircentralpark/
Боровичи,"58.384172","33.919108",Боровичи,Новгородская,false,368.9213964332699,0,https://5verst.ru/park30letiyaoktyabrya/
Оренбург Берёзка,"51.819766","55.153481",Оренбург,Оренбургская,false,1231.8818858636575,2,https://5verst.ru/orenburgberezka/
Жуковский,"55.57957","38.12068",Жуковский,Московская,false,37.14376471431577,0,https://5verst.ru/zhukovsky/
Иннополис,"55.74592","48.74373",Иннополис,Татарстан,false,698.0562278335971,0,https://5verst.ru/innopolis/
Мариуполь,"47.085352","37.524845",Мариуполь,Донецкая,false,964.2577740717533,0,https://5verst.ru/mariupolprimorskiy/
Мещерский,"55.667123","37.404714",Одинцово,Московская,false,16.292621133116814,0,https://5verst.ru/meshchersky/
Михалково,"55.8432","37.516823",Москва,Москва,false,11.875701868026725,0,https://5verst.ru/mikhalkovo/
Ульяновск,"54.286343","48.308118",Ульяновск,Ульяновская,false,702.3506366361282,1,https://5verst.ru/ulyanovskmolodezhnyy/
Швейцария,"56.277709","43.977749",Нижний Новгород,Нижегородская,false,400.94042878866907,0,https://5verst.ru/shveytsariya/
Лебединый Рай,"55.319523","42.183718",Выкса,Нижегородская,false,292.362674246125,0,https://5verst.ru/lebedinyray/
Городской парк Семья,"55.643956","51.81936",Нижнекамск,Татарстан,false,891.6259621031303,0,https://5verst.ru/gorodskoyparksemya/
Мещерское озеро,"56.337302","43.950838",Нижний Новгород,Нижегородская,false,400.0053991776251,0,https://5verst.ru/meshcherskoeozero/
Солнечный остров,"45.010206","39.054746",Краснодар,Краснодарский,false,1199.2017450160884,0,https://5verst.ru/solnechnyostrov/
Челябинск Экопарк,"55.196769","61.296591",Челябинск,Челябинская,false,1491.4838568563346,2,https://5verst.ru/chelyabinskekopark/
Волгоград панорама,"48.713811","44.533076",Волгоград,Волгоградская,false,913.7055613962891,0,https://5verst.ru/volgogradpanorama/
Раменское Городской парк,"55.575024","38.225799",Раменское,Московская,false,43.171905381196225,0,https://5verst.ru/ramenskoegorodskoypark/
Стрежевой Городской парк,"60.724245","77.603575",Стрежевой,Томская,false,2373.1316760575974,4,https://5verst.ru/strezhevoygorodskoypark/
Пур-Наволок,"64.538434","40.508497",Архангельск,Архангельская,false,991.750994134594,0,https://5verst.ru/purnavolok/
Парк 30-летия Победы,"57.686885","39.781733",Ярославль,Ярославская,false,252.95968904592772,0,https://5verst.ru/park30letiyapobedy/
Мега Парк Кудрово,"59.89622","30.514137",Кудрово,Ленинградская,false,624.7068996080933,0,https://5verst.ru/megaparkkudrovo/
Орск парк Строителей,"51.225741","58.530185",Орск,Оренбургская,false,1469.914450868384,2,https://5verst.ru/orskparkstroiteley/
Парк Кирова,"56.861072","53.175733",Ижевск,Удмуртская,false,968.869643119712,1,https://5verst.ru/parkkirova/
Фили,"55.750373","37.489733",Москва,Москва,false,7.906165790571163,0,https://5verst.ru/fili/
Парк Лесоводов,"54.730548","56.011319",Уфа,Башкортостан,false,1172.1587754523234,2,https://5verst.ru/parklesovodov/
Тула Центральный парк,"54.177992","37.59299",Тула,Тульская,false,175.25132334195288,0,https://5verst.ru/tulacentral/
Южно-Сахалинск парк Гагарина,"46.965588","142.751079",Южно-Сахалинск,Сахалинская,false,6663.2134228454415,8,https://5verst.ru/yuzhnosakhalinskgagarina/
Сибай,"52.72795","58.66524",Сибай,Башкортостан,false,1407.0696955274775,2,https://5verst.ru/terrazauralye/
Тында,"55.14706","124.737087",Тында,Амурская,false,5133.848344281862,6,https://5verst.ru/tynda/
Ессентуки Городское озеро,"44.02243","42.83476",Ессентуки,Ставропольский,false,1356.5291149668249,0,https://5verst.ru/gorodskoeozero/
Чебоксары набережная,"56.153447","47.249591",Чебоксары,Чувашская республика,false,602.9843188734101,0,https://5verst.ru/cheboksarynaberezhnaya/
Чертаново Покровский парк,"55.604013","37.624088",Москва,Москва,true,16.507181581649977,0,https://5verst.ru/chertanovopokrovskypark/
Соликамск Калинников-парк,"59.69542","56.7172",Соликамск,Пермский,false,1214.6911341986295,2,https://5verst.ru/kalinnikovpark/
Пятигорск Комсомольский парк,"44.05794","43.06052",Пятигорск,Ставропольский,false,1357.1993625534278,0,https://5verst.ru/pyatigorskkomsomolsky/
Чертаново Кировоградские пруды,"55.60567","37.59576",Москва,Москва,false,16.36173507107011,0,https://5verst.ru/kirovogradskieprudy/
Зеленоград,"56.004774","37.218424",Москва,Москва,false,37.53344469197889,0,https://5verst.ru/zelenograd/
Крылатское,"55.772757","37.408767",Москва,Москва,false,13.184098115153695,0,https://5verst.ru/krylatskoe/
Михайловка,"50.08285","43.23219",Михайловка,Волгоградская,false,734.83268185301,0,https://5verst.ru/parksmekhova/
Пестовский,"55.747383","38.039613",Балашиха,Московская,false,26.631368974161802,0,https://5verst.ru/pestovsky/
Притяжение,"53.374077","58.955555",Магнитогорск,Челябинская,false,1399.6880937372007,2,https://5verst.ru/prityazhenie/
Сокольники,"55.795796","37.676988",Москва,Москва,false,6.196918918892107,0,https://5verst.ru/sokolniki/
Реадовский парк,"54.763024","32.02648",Смоленск,Смоленская,false,371.9255314296379,0,https://5verst.ru/readovskypark/
Московский парк Победы,"59.868919","30.322104",Санкт-Петербург,Санкт-Петербург,false,630.3312652398045,0,https://5verst.ru/moskovskyparkpobedy/
Набережная Реки Великой,"57.816223","28.33053",Псков,Псковская,false,611.6794707872515,0,https://5verst.ru/naberezhnayarekivelikoy/
Павловский Посад,"55.783709","38.682715",Павловский Посад,Московская,false,67.0697793296047,0,https://5verst.ru/pavlovskyposad/
Кольчугино Городской парк,"56.284617","39.378435",Кольчугино,Владимирская,false,124.8949624082523,0,https://5verst.ru/kolchuginocitypark/
Красноярск набережная,"56.00651","92.871575",Красноярск,Красноярский,false,3364.6256893508366,4,https://5verst.ru/krasnoyarsknaberezhnaya/
Петровская набережная,"46.356084","48.033209",Астрахань,Астраханская,false,1272.247358945843,1,https://5verst.ru/petrovskayanaberezhnaya/
Котельники Кузьминский,"55.663255","37.847166",Котельники,Московская,false,17.605922315878125,0,https://5verst.ru/kuzminsky/
Вернадского,"55.679026","37.506914",Москва,Москва,false,10.631760677195722,0,https://5verst.ru/vernadskogo/
Затюменский,"57.165419","65.452058",Тюмень,Тюменская,false,1711.2860585213862,2,https://5verst.ru/zatyumensky/
Зеленогорск,"56.1052","94.57364",Зеленогорск,Красноярский,false,3457.668060419898,4,https://5verst.ru/zelenogorsknaberezhnaya/
Рассказовка,"55.633217","37.310954",Москва,Москва,false,23.292125777144,0,https://5verst.ru/rasskazovka/
Севастополь,"44.596972","33.454233",Севастополь,Севастополь,false,1275.336147367256,0,https://5verst.ru/sevastopolparkpobedy/
Южноуральск,"54.44812","61.25023",Южноуральск,Челябинская,false,1508.2524169281699,2,https://5verst.ru/yuzhnouralsk/
Александров Сосенки,"56.385307","38.718341",Александров,Владимирская,false,98.41609826175795,0,https://5verst.ru/aleksandrovsosenki/
Владикавказ Дендрарий,"42.977125","44.665145",Владикавказ,Республика Северная Осетия — Алания,false,1508.3517331859746,0,https://5verst.ru/vladikavkazdendrary/
Новосибирск набережная,"55.01214","82.923682",Новосибирск,Новосибирская,false,2821.459141347195,4,https://5verst.ru/novosibirsknaberezhnaya/
Александрино,"59.82912","30.2291",Санкт-Петербург,Санкт-Петербург,false,631.1058932988274,0,https://5verst.ru/aleksandrino/
Долгопрудный,"55.937648","37.486606",Долгопрудный,Московская,false,22.17244017512307,0,https://5verst.ru/dolgoprudny/
Первоуральск,"56.915939","59.945162",Первоуральск,Свердловская,false,1380.9948518750064,2,https://5verst.ru/pervouralsknaberezhnaya/
Бабушкинский на Яузе,"55.875747","37.659999",Москва,Москва,false,14.034325557617999,0,https://5verst.ru/babushkinskynayauze/
Кисловодский парк,"43.897705","42.728461",Кисловодск,Ставропольский,false,1367.939368864455,0,https://5verst.ru/kislovodsky/
Петрозаводск Ямка,"61.78685","34.36787",Петрозаводск,Карелия,false,697.7545162042737,0,https://5verst.ru/yamka/
Черкизовский пруд,"55.8022623","37.729838",Москва,Москва,false,9.080522263777079,0,https://5verst.ru/cherkizovsky/
Чистяковская роща,"45.05745","38.9906",Краснодар,Краснодарский,false,1193.5904708634391,0,https://5verst.ru/chistyakovskayaroshcha/
Губайловский Экопарк,"55.829429","37.313573",Красногорск,Московская,false,20.805841578071664,0,https://5verst.ru/gubaylovskyecopark/
Магнитогорск Экопарк,"53.405253","58.94911",Магнитогорск,Челябинская,false,1398.1313950018116,2,https://5verst.ru/magnitogorskecopark/
Электросталь Авангард,"55.790645","38.422912",Электросталь,Московская,false,50.847509027206605,0,https://5verst.ru/avangard/
Северодвинск Заводской парк,"64.564031","39.795577",Северодвинск,Архангельская,false,989.0472863110272,0,https://5verst.ru/zavodskoypark/
Комсомольский,"55.342583","86.128483",Кемерово,Кемеровская,false,2999.1960072498805,4,https://5verst.ru/komsomolsky/
Тимирязевский,"55.818189","37.555257",Москва,Москва,false,8.265107021742343,0,https://5verst.ru/timiryazevsky/
Полюстровский парк,"59.963581","30.429404",Санкт-Петербург,Санкт-Петербург,false,633.3489003757187,0,https://5verst.ru/polyustrovskiy/
Железноводский,"44.1346","43.03079",Железноводск,Ставропольский,false,1348.3560822336003,0,https://5verst.ru/zheleznovodsky/
Интернационалистов,"59.860113","30.400901",Санкт-Петербург,Санкт-Петербург,false,626.4578877726086,0,https://5verst.ru/internatsionalistov/
Барнаул,"53.360401","83.781488",Барнаул,Алтайский,false,2942.9218393035007,4,https://5verst.ru/izumrudnyy/
Реутов,"55.756589","37.8674",Реутов,Московская,false,15.817527942505938,0,https://5verst.ru/fabrichnyyprud/
Сухой Лог,"56.898357","62.039381",Сухой Лог,Свердловская,false,1508.3019513085255,2,https://5verst.ru/sukhoylogsemeyniy/
Красноармейский,"48.52693","44.556728",Волгоград,Волгоградская,false,932.8517541043225,0,https://5verst.ru/sevastopolskayanaberezhnaya/
Шадринск,"56.084107","63.623711",Шадринск,Курганская,false,1616.9289779523933,2,https://5verst.ru/keldyusheva/
Марьино,"55.643632","37.755796",Москва,Москва,false,14.960577772199633,0,https://5verst.ru/park850letiyamoskvy/
Строгино,"55.805169","37.425709",Москва,Москва,false,13.295019102158989,0,https://5verst.ru/dorogazhizni/
Челябинск Лесопарковая,"55.155104","61.360207",Челябинск,Челябинская,false,1496.4274239293266,2,https://5verst.ru/chelyabinsk/
Павшинская Пойма,"55.8223416","37.3805093",Красногорск,Московская,false,16.688402706909503,0,https://5verst.ru/zhivopisnaya/
Парк Станкозавода,"56.277023","43.938792",Нижний Новгород,Нижегородская,false,398.5317755184115,0,https://5verst.ru/parkstankozavoda/
Каменск-Уральский,"56.414288","61.928221",Каменск-Уральский,Свердловская,false,1507.5565248012708,2,https://5verst.ru/kosmos/
Улан-Удэ,"51.81289","107.66238",Улан-Удэ,Бурятия,false,4438.471948722827,5,https://5verst.ru/yubileyniy/
Домодедово,"55.418984","37.756",Домодедово,Московская,false,38.1401402090131,0,https://5verst.ru/gorodskoyles/
Ангарск,"52.542109","103.87439",Ангарск,Иркутская,false,4177.191566976757,5,https://5verst.ru/park10letiyaangarska/
Бирюлёвский дендропарк,"55.59323","37.679946",Москва,Москва,false,18.156205361163327,0,https://5verst.ru/biryulyovskiy/
Отрадный,"53.38293","51.33505",Отрадный,Самарская,false,923.9729380299287,1,https://5verst.ru/otradniypark/
Солнечногорск,"56.193767","36.991738",Солнечногорск,Московская,false,62.72420409987535,0,https://5verst.ru/naberezhnayavystrel/
Петергоф,"59.865668","29.925865",Санкт-Петербург,Санкт-Петербург,false,646.4244545346983,0,https://5verst.ru/petergofaleksandriysky/
Коломенское,"55.65666","37.656392",Москва,Москва,false,10.941859322766907,0,https://5verst.ru/kolomenskoe/
Надым,"65.531135","72.525487",Надым,Ямало-Ненецкий автономный округ,false,2158.3603064281597,2,https://5verst.ru/parkkozlova/
Тюмень Парк Гагарина,"57.177392","65.604345",Тюмень,Тюменская,false,1720.285617156181,2,https://5verst.ru/tyumenparkgagarina/
Калуга,"54.514108","36.223175",Калуга,Калужская,false,163.95929327946635,0,https://5verst.ru/gubernskypark/
Ахтубинск,"48.283354","46.165264",Ахтубинск,Астраханская,false,1015.7915973343538,1,https://5verst.ru/parklyotniy/
Зеленодольск,"55.84637","48.513071",Зеленодольск,Татарстан,false,682.8176899543697,0,https://5verst.ru/solovinayaroshcha/
Алёшкинский лес,"55.864677","37.418188",Москва,Москва,false,17.607908306611527,0,https://5verst.ru/aleshkinskiyles/
Сормовский парк,"56.342098","43.861841",Нижний Новгород,Нижегородская,false,394.6045024127892,0,https://5verst.ru/sormovskiypark/
Парк Южный,"53.353072","58.983331",Магнитогорск,Челябинская,false,1402.2115942173252,2,https://5verst.ru/yuzhniy/
Динская,"45.236524","39.222543",Динская,Краснодарский,false,1175.202594086688,0,https://5verst.ru/dinskayakomsomolskiy/
Семёнов,"56.794359","44.509928",Семёнов,Нижегородская,false,442.3825840872264,0,https://5verst.ru/parkleninskogokomsomola/
Кстово,"56.16133","44.21767",Кстово,Нижегородская,false,414.7271751464418,0,https://5verst.ru/kstovoyubileyniy/
Усолье-Сибирское,"52.739712","103.66103",Усолье-Сибирское,Иркутская,false,4153.306110892683,5,https://5verst.ru/vsyasolsibiri/
Нижневартовск,"60.94653","76.57687",Нижневартовск,Ханты-Мансийский автономный округ,false,2315.7826748241405,2,https://5verst.ru/komsomolskoeozero/
Новороссийск,"44.709269","37.786414",Новороссийск,Краснодарский,false,1228.3967774485632,0,https://5verst.ru/naberezhnayaserebryakova/
Парк Городов-Героев,"59.840024","30.324102",Санкт-Петербург,Санкт-Петербург,false,628.0394074662265,0,https://5verst.ru/parkgorodovgeroev/
Бийск,"52.485985","85.149373",Бийск,Алтайский,false,3067.383385880582,4,https://5verst.ru/kvartalab/
Лихославль,"57.114678","35.458466",Лихославль,Тверская,false,201.7882694400965,0,https://5verst.ru/likhoslavl/
Академический,"56.785001","60.511608",Екатеринбург,Свердловская,false,1416.597143716514,2,https://5verst.ru/preobrazhenskiy/
Старый Оскол,"51.299323","37.893051",Старый Оскол,Белгородская,false,495.92766582276505,0,https://5verst.ru/ublinskiegory/
Вологда,"59.228316","39.910145",Вологда,Вологодская,false,410.7970207994118,0,https://5verst.ru/parkveteranov/
Черемхово,"53.143734","103.08309",Черемхово,Иркутская,false,4096.707170867807,5,https://5verst.ru/aleksandrovskayaploshchad/
Волна,"54.789899","55.876954",Уфа,Башкортостан,false,1162.2508912891146,2,https://5verst.ru/volna/
Берёзовский,"56.914553","60.823995",Берёзовский,Свердловская,false,1434.3835377185715,2,https://5verst.ru/tropazdorovya/
Полевской,"56.499924","60.255997",Полевской,Свердловская,false,1404.052758669575,2,https://5verst.ru/polevskoygorodskoypark/
Краснодар Парк 30-летия Победы,"45.020508","38.955252",Краснодар,Краснодарский,false,1197.4856603844196,0,https://5verst.ru/krasnodar30letiyapobedy/
Макаринская роща,"59.1152","37.98439",Череповец,Вологодская,false,375.18174237608025,0,https://5verst.ru/makarinskayaroshcha/
Малаховское озеро,"55.635197","38.011952",Люберцы,Московская,false,28.123531967290187,0,https://5verst.ru/malakhovskoeozero/
Банный лес,"56.113528","38.143",Красноармейск,Московская,false,52.00976973456274,0,https://5verst.ru/banniyles/
Воронеж Танаис,"51.653056","39.12825",Воронеж,Воронежская,false,467.0106703973957,0,https://5verst.ru/tanais/
Ивантеевка,"55.97838","37.91261",Ивантеевка,Московская,false,31.30440782134806,0,https://5verst.ru/ivanteevkagorodskoypark/
Изумрудные холмы,"55.840306","37.277055",Красногорск,Московская,false,23.39012728253126,0,https://5verst.ru/izumrudnyekholmy/
